{"cameraMode":{"drawMode":0,"name":"Shaded","section":"Shading Mode"},"sceneLighting":true,"audioPlay":false,"sceneViewState":{"showFog":true,"showMaterialUpdate":false,"showSkybox":true,"showFlares":true,"showImageEffects":true,"showParticleSystems":true},"in2DMode":false,"pivot":{"x":21.875694274902345,"y":-45.37653350830078,"z":78.87203216552735},"rotation":{"x":-0.30657264590263369,"y":-0.06393059343099594,"z":0.020628705620765687,"w":-0.949500322341919},"size":108.98255920410156,"orthographic":false}