{"cameraMode":{"drawMode":0,"name":"Shaded","section":"Shading Mode"},"sceneLighting":true,"audioPlay":false,"sceneViewState":{"showFog":true,"showMaterialUpdate":false,"showSkybox":true,"showFlares":true,"showImageEffects":true,"showParticleSystems":true},"in2DMode":false,"pivot":{"x":-63.84278869628906,"y":-18.65500259399414,"z":-6.199367046356201},"rotation":{"x":0.1307900846004486,"y":-0.7011016607284546,"z":0.13324417173862458,"w":0.6881933212280273},"size":78.18244171142578,"orthographic":false}