{"cameraMode":{"drawMode":0,"name":"Shaded","section":"Shading Mode"},"sceneLighting":true,"audioPlay":false,"sceneViewState":{"showFog":true,"showMaterialUpdate":false,"showSkybox":true,"showFlares":true,"showImageEffects":true,"showParticleSystems":true},"in2DMode":false,"pivot":{"x":53.88478088378906,"y":6.859197616577148,"z":-1.1869115829467774},"rotation":{"x":-0.18933583796024323,"y":-0.5937919020652771,"z":0.14666366577148438,"w":-0.7683346271514893},"size":47.518165588378909,"orthographic":false}