{"cameraMode":{"drawMode":0,"name":"Shaded","section":"Shading Mode"},"sceneLighting":true,"audioPlay":false,"sceneViewState":{"showFog":true,"showMaterialUpdate":false,"showSkybox":true,"showFlares":true,"showImageEffects":true,"showParticleSystems":true},"in2DMode":false,"pivot":{"x":114.04486083984375,"y":-35.68748474121094,"z":-3.6880455017089845},"rotation":{"x":-0.11752381175756455,"y":-0.7742111086845398,"z":0.15073244273662568,"w":-0.603438138961792},"size":162.4558563232422,"orthographic":false}