{"cameraMode":{"drawMode":0,"name":"Shaded","section":"Shading Mode"},"sceneLighting":true,"audioPlay":false,"sceneViewState":{"showFog":true,"showMaterialUpdate":false,"showSkybox":true,"showFlares":true,"showImageEffects":true,"showParticleSystems":true},"in2DMode":false,"pivot":{"x":2.743854522705078,"y":-22.558731079101564,"z":42.119876861572269},"rotation":{"x":0.45269232988357546,"y":-0.22898322343826295,"z":0.12163999676704407,"w":0.8532779812812805},"size":89.9599609375,"orthographic":false}